cafe_idx,hub_idx,dist_km,geonameid_cafe,city_cafe,country_cafe,lat_cafe,lon_cafe,population,poi_student,poi_activity,poi_logistics,poi_transit,pop_norm,student_norm,activity_norm,logistics_norm,transit_norm,demand_factor,hub_score_cafe,fixed_cost_proxy,base_weight,geonameid_hub,city_hub,country_hub,lat_hub,lon_hub,hub_score_hub,city_key,rent_score_city,rent_score_country,rent_source_used,rent_score_used,rent_n,labour_n,tax_n,fixed_mult,fixed_cost_hub,fixed_cost_dc,hub_score_n,fixed_cost_hub_eff,fixed_cost_dc_eff
0,0,0.0,745044,Istanbul,TR,41.01384,28.94966,15701602,1088,2780,186,3253,1.0,0.3157415832575068,0.8909512761020881,0.0494652406417112,0.4345549738219895,1.367635205174922,0.1649921605957947,2.156380510440836,3.4190880129373054,745044,Istanbul,TR,41.01384,28.94966,0.1649921605957947,istanbul,-0.3990074482222473,-0.7333530118949918,city,-0.3990074482222473,0.24006525536254764,0.03455723542116631,0.5971769815418023,1.1832978190068517,1183.2978190068518,7099.78691404111,0.216393162243481,1157.692063313781,7022.969646961898
1,1,356.9306363813552,2643743,London,GB,51.50853,-0.12574,8961989,1575,2082,555,6739,0.5567453162257893,0.4634516226872914,0.6595956247928406,0.1481283422459893,0.9025372533225936,1.4099900985709428,0.3744510155689706,1.7092345028977678,2.4312519947104017,2759794,Amsterdam,NL,52.37403,4.88969,0.7624647603705195,amsterdam,,,global,0.011844032802657226,0.48382676042477507,0.6954643628509719,0.6261310170104958,1.5932941071751356,1593.2941071751357,9559.764643050814,1.0,1433.964696457622,9081.776410898272
2,42,199.8565517424137,323786,Ankara,TR,39.91987,32.85427,3517182,647,1782,59,1259,0.19864816658283366,0.1819836214740673,0.560159098442161,0.0155080213903743,0.1668680359779836,1.221221992572873,0.0609160257666571,1.3829821726431315,1.3404551366063178,315202,Eskişehir,TR,39.77667,30.52056,0.0071689305458938,eskisehir,-0.6440068318904578,-0.7333530118949918,city,-0.6440068318904578,0.09470514042928548,0.03455723542116631,0.5971769815418023,1.1178857672868836,1117.8857672868835,6707.314603721302,0.009402310662082351,1116.8346963600084,6704.161390940676
3,19,294.72601741976246,2950159,Berlin,DE,52.52437,13.41053,3426354,820,2513,299,3507,0.1926745392517326,0.2344555656657567,0.8024527676499834,0.0796791443850267,0.4686535105383272,1.301163892929451,0.1963714542310168,1.4751207384613796,1.4145999384291401,3081368,Wrocław,PL,51.10286,17.03006,0.1161766644196579,wroc aw,,-0.5038056844768821,country,-0.5038056844768821,0.17788761459179875,0.2613390928725702,0.38002171552660147,1.2356541899116262,1235.6541899116262,7413.925139469758,0.15236988049546302,1216.826541786571,7357.4421950945925
4,4,0.0,3117735,Madrid,ES,40.4165,-3.70256,3255944,1308,3109,299,5745,0.1814669178850513,0.3824689111313315,1.0,0.0796791443850267,0.7690965230232246,1.4294813466787988,0.2865043579764861,1.545173534308041,1.5260672647820537,3117735,Madrid,ES,40.4165,-3.70256,0.2865043579764861,madrid,0.08886285608365685,-0.14618037798784608,city,0.08886285608365685,0.5295226509063288,0.3628509719222462,0.5971769815418023,1.4612858284270391,1461.2858284270392,8767.714970562234,0.3757607864227842,1406.376437219218,8602.986796938769
5,42,132.8566841636521,750269,Bursa,TR,40.19559,29.06013,3101833,256,451,31,291,0.17133125837891533,0.0633909614801334,0.1189923765329797,0.0080213903743315,0.0369177070747751,1.0618330521946762,0.0166902853844646,1.1846619573163242,1.114743876932474,315202,Eskişehir,TR,39.77667,30.52056,0.0071689305458938,eskisehir,-0.6440068318904578,-0.7333530118949918,city,-0.6440068318904578,0.09470514042928548,0.03455723542116631,0.5971769815418023,1.1178857672868836,1117.8857672868835,6707.314603721302,0.009402310662082351,1116.8346963600084,6704.161390940676
6,10,0.0,311046,İzmir,TR,38.41273,27.13838,2938292,526,1277,88,1437,0.16057540129348355,0.1452835911434637,0.392774279085184,0.0232620320855614,0.1907638609209289,1.165725010503115,0.0735125807361717,1.2855700326688604,1.2018705902562652,311046,İzmir,TR,38.41273,27.13838,0.0735125807361717,izmir,-0.6134707506874132,-0.7333530118949918,city,-0.6134707506874132,0.11282244426420909,0.03455723542116631,0.5971769815418023,1.1260385540125992,1126.0385540125992,6756.231324075596,0.09641439782797082,1115.1819211009788,6723.661425340734
7,44,394.14323167060155,703448,Kyiv,UA,50.45466,30.5238,2797553,671,1365,468,2181,0.15131919905461633,0.18926296633303,0.4219423268147166,0.1248663101604278,0.2906430393341388,1.1979462451627614,0.1745993289125411,1.2898322899695798,1.2156861499469704,709930,Dnipro,UA,48.46664,35.04066,0.0765259701801124,dnipro,-0.6957218116486716,-0.7865517503463348,city,-0.6957218116486716,0.06402222486895265,0.4269772703897975,0.40394605181920745,1.2613443780483584,1261.3443780483585,7568.06626829015,0.10036656663702678,1248.6846975911956,7530.087226918661
8,49,478.5981536825773,3169070,Rome,IT,41.89193,12.51133,2318895,730,1570,143,5270,0.11983854869294182,0.2071580224446466,0.4898906198210142,0.0379679144385026,0.705329574439522,1.2222729374309909,0.2381764124388085,1.2918270868827593,1.1730366791979236,3173435,Milan,IT,45.46427,9.18951,0.1948230426795255,milan,0.6076977517425448,0.14228026358577445,city,0.6076977517425448,0.8373515888211174,0.43628509719222464,0.5609844372059355,1.6292349524265977,1629.2349524265976,9775.409714559586,0.25551743871395616,1587.6051582158677,9650.520331927397
9,1,430.5067169268833,2988507,Paris,FR,48.85341,2.3488,2138551,3344,2964,482,7465,0.10797758238959826,1.0,0.9519390122638384,0.1286096256684492,1.0,1.7903878024527675,0.3900267379679144,1.4671576708172138,1.6811039081247579,2759794,Amsterdam,NL,52.37403,4.88969,0.7624647603705195,amsterdam,,,global,0.011844032802657226,0.48382676042477507,0.6954643628509719,0.6261310170104958,1.5932941071751356,1593.2941071751357,9559.764643050814,1.0,1433.964696457622,9081.776410898272
10,21,182.81050965524838,314830,Gaziantep,TR,37.05944,37.3825,2130432,336,598,50,36,0.10744360740059476,0.0876554443433424,0.1677162744448127,0.0131016042780748,0.0026849241508927,1.086136521494968,0.0099766002399202,1.153041395698401,1.0188246366193936,325363,Adana,TR,36.98615,35.32531,0.0244843545736677,adana,-0.7513752359640133,-0.7333530118949918,city,-0.7513752359640133,0.031002598314041632,0.03455723542116631,0.5971769815418023,1.089219623335024,1089.219623335024,6535.317740010144,0.032112113039518754,1085.7219089680843,6524.824596909325
11,0,445.3898723048729,683506,Bucharest,RO,44.43225,26.10626,1877155,512,1195,42,2074,0.09078594225835576,0.1410373066424022,0.3655949618826649,0.0109625668449197,0.2762786951268626,1.1577413763619742,0.0905574053295026,1.2188667385597505,1.0522426553243687,745044,Istanbul,TR,41.01384,28.94966,0.1649921605957947,istanbul,-0.3990074482222473,-0.7333530118949918,city,-0.3990074482222473,0.24006525536254764,0.03455723542116631,0.5971769815418023,1.1832978190068517,1183.2978190068518,7099.78691404111,0.216393162243481,1157.692063313781,7022.969646961898
12,19,549.9020376829402,2911298,Hamburg,DE,53.55073,9.99302,1845229,476,1289,874,2657,0.08868621501375352,0.1301182893539581,0.3967517401392111,0.2334224598930481,0.3545442341253859,1.157421321640217,0.2697589921627494,1.2296496680666873,1.0476987945670149,3081368,Wrocław,PL,51.10286,17.03006,0.1161766644196579,wroc aw,,-0.5038056844768821,country,-0.5038056844768821,0.17788761459179875,0.2613390928725702,0.38002171552660147,1.2356541899116262,1235.6541899116262,7413.925139469758,0.15236988049546302,1216.826541786571,7357.4421950945925
13,21,0.0,325363,Adana,TR,36.98615,35.32531,1816750,263,746,21,531,0.08681319201685359,0.0655141037306642,0.2167716274444812,0.0053475935828877,0.0691367968854879,1.0826627877272947,0.0244843545736677,1.1561592045912754,0.9764785626362964,325363,Adana,TR,36.98615,35.32531,0.0244843545736677,adana,-0.7513752359640133,-0.7333530118949918,city,-0.7513752359640133,0.031002598314041632,0.03455723542116631,0.5971769815418023,1.089219623335024,1089.219623335024,6535.317740010144,0.032112113039518754,1085.7219089680843,6524.824596909325
14,36,173.16935419759386,316541,Diyarbakır,TR,37.91363,40.21721,1791373,212,373,2,76,0.08514418311231588,0.0500454959053685,0.0931388796818031,0.0002673796791443,0.0080547724526782,1.048655073479582,0.0026035975112045,1.105370898362574,0.9427433444061946,304922,Malatya,TR,38.35018,38.31667,0.0,malatya,-0.8036290298093237,-0.7333530118949918,city,-0.8036290298093237,0.0,0.03455723542116631,0.5971769815418023,1.0752684540937052,1075.2684540937053,6451.610724562232,0.0,1075.2684540937053,6451.610724562232
15,19,777.1031985448539,625144,Minsk,BY,53.90019,27.56653,1742124,495,677,82,2137,0.08190514699537621,0.1358811040339702,0.1939012263838249,0.0216577540106951,0.2847362062021747,1.120308907697147,0.100581289668139,1.1430846081498311,1.0008100458618976,3081368,Wrocław,PL,51.10286,17.03006,0.1161766644196579,wroc aw,,-0.5038056844768821,country,-0.5038056844768821,0.17788761459179875,0.2613390928725702,0.38002171552660147,1.2356541899116262,1235.6541899116262,7413.925139469758,0.15236988049546302,1216.826541786571,7357.4421950945925
16,19,426.44567230698414,3054643,Budapest,HU,47.49835,19.04045,1741041,578,1503,325,3500,0.08183391963817818,0.1610555050045496,0.4676831289360291,0.0866310160427807,0.4677137870855148,1.1901699287899357,0.2009558473556009,1.252540387284954,1.0630709196321024,3081368,Wrocław,PL,51.10286,17.03006,0.1161766644196579,wroc aw,,-0.5038056844768821,country,-0.5038056844768821,0.17788761459179875,0.2613390928725702,0.38002171552660147,1.2356541899116262,1235.6541899116262,7413.925139469758,0.15236988049546302,1216.826541786571,7357.4421950945925
17,19,301.7936561527663,756135,Warsaw,PL,52.22977,21.01178,1702139,918,839,119,3185,0.07927539087574266,0.2641795571731877,0.2475969506131919,0.0315508021390374,0.4254262317089542,1.208027124426551,0.1497134310100124,1.162459092945871,1.0736122826553882,3081368,Wrocław,PL,51.10286,17.03006,0.1161766644196579,wroc aw,,-0.5038056844768821,country,-0.5038056844768821,0.17788761459179875,0.2613390928725702,0.38002171552660147,1.2356541899116262,1235.6541899116262,7413.925139469758,0.15236988049546302,1216.826541786571,7357.4421950945925
18,19,325.3021177191164,2761369,Vienna,AT,48.20849,16.37208,1691468,754,2219,643,3420,0.07857357450578868,0.2144373673036093,0.7050049718263175,0.1716577540106952,0.4569740904819439,1.269663414747429,0.2572526549520698,1.3448608483351578,1.1268310486634514,3081368,Wrocław,PL,51.10286,17.03006,0.1161766644196579,wroc aw,,-0.5038056844768821,country,-0.5038056844768821,0.17788761459179875,0.2613390928725702,0.38002171552660147,1.2356541899116262,1235.6541899116262,7413.925139469758,0.15236988049546302,1216.826541786571,7357.4421950945925
19,49,725.9619990159725,3128760,Barcelona,ES,41.38879,2.15899,1686208,969,2441,260,4189,0.07822763184756004,0.2796481649984835,0.7785880013258204,0.0692513368983957,0.5602094240837696,1.3235064992642542,0.2165387630540078,1.3740173060083762,1.1738157379997105,3173435,Milan,IT,45.46427,9.18951,0.1948230426795255,milan,0.6076977517425448,0.14228026358577445,city,0.6076977517425448,0.8373515888211174,0.43628509719222464,0.5609844372059355,1.6292349524265977,1629.2349524265976,9775.409714559586,0.25551743871395616,1587.6051582158677,9650.520331927397
20,19,917.0875872883541,2673730,Stockholm,SE,59.32938,18.06871,1515017,470,1571,1678,2883,0.06696864523067404,0.1282984531392174,0.4902220749088498,0.4483957219251337,0.3848838770304739,1.1750234868653004,0.4293421684567358,1.249663746148079,1.018974644450761,3081368,Wrocław,PL,51.10286,17.03006,0.1161766644196579,wroc aw,,-0.5038056844768821,country,-0.5038056844768821,0.17788761459179875,0.2613390928725702,0.38002171552660147,1.2356541899116262,1235.6541899116262,7413.925139469758,0.15236988049546302,1216.826541786571,7357.4421950945925
21,21,194.66127600810603,308464,Kayseri,TR,38.73222,35.48528,1434357,332,414,77,1578,0.061663752680726755,0.0864422202001819,0.1067285382830626,0.0203208556149732,0.2096925761847227,1.0732110397767218,0.0771323717858981,1.0920224174578064,0.9207201650618217,325363,Adana,TR,36.98615,35.32531,0.0244843545736677,adana,-0.7513752359640133,-0.7333530118949918,city,-0.7513752359640133,0.031002598314041632,0.03455723542116631,0.5971769815418023,1.089219623335024,1089.219623335024,6535.317740010144,0.032112113039518754,1085.7219089680843,6524.824596909325
22,44,190.1448860826028,706483,Kharkiv,UA,49.98177,36.25475,1433886,331,483,18,994,0.06163277568604507,0.0861389141643918,0.1295989393437189,0.0045454545454545,0.1312927909786548,1.077603136367379,0.0425696554754146,1.1011457962863238,0.9244297789445755,709930,Dnipro,UA,48.46664,35.04066,0.0765259701801124,dnipro,-0.6957218116486716,-0.7865517503463348,city,-0.6957218116486716,0.06402222486895265,0.4269772703897975,0.40394605181920745,1.2613443780483584,1261.3443780483585,7568.06626829015,0.10036656663702678,1248.6846975911956,7530.087226918661
23,42,271.71016593985803,306571,Konya,TR,37.87135,32.48464,1433861,298,513,1,399,0.06163113147188999,0.0761298149833181,0.1395425919787868,0.0,0.0514162974895959,1.0735864073857484,0.0154248892468787,1.1051219419690268,0.9209809093243551,315202,Eskişehir,TR,39.77667,30.52056,0.0071689305458938,eskisehir,-0.6440068318904578,-0.7333530118949918,city,-0.6440068318904578,0.09470514042928548,0.03455723542116631,0.5971769815418023,1.1178857672868836,1117.8857672868835,6707.314603721302,0.009402310662082351,1116.8346963600084,6704.161390940676
24,49,0.0,3173435,Milan,IT,45.46427,9.18951,1371498,654,1751,167,4082,0.05752960637776202,0.1841067637245981,0.5498839907192575,0.0443850267379679,0.5458450798764934,1.2204408563786104,0.1948230426795255,1.2659772813899126,1.0382007359148582,3173435,Milan,IT,45.46427,9.18951,0.1948230426795255,milan,0.6076977517425448,0.14228026358577445,city,0.6076977517425448,0.8373515888211174,0.43628509719222464,0.5609844372059355,1.6292349524265977,1629.2349524265976,9775.409714559586,0.25551743871395616,1587.6051582158677,9650.520331927397
25,42,319.33291298169036,323777,Antalya,TR,36.90812,30.69556,1344000,218,1254,20,612,0.05572110234430739,0.0518653321201091,0.3851508120649652,0.0050802139037433,0.0800107396966035,1.1081493616850584,0.0275593716416013,1.198637206701432,0.9391698032554499,315202,Eskişehir,TR,39.77667,30.52056,0.0071689305458938,eskisehir,-0.6440068318904578,-0.7333530118949918,city,-0.6440068318904578,0.09470514042928548,0.03455723542116631,0.5971769815418023,1.1178857672868836,1117.8857672868835,6707.314603721302,0.009402310662082351,1116.8346963600084,6704.161390940676
26,38,198.53719055483333,792680,Belgrade,RS,44.80401,20.46513,1273651,340,897,422,1915,0.051094349480480944,0.0888686684865028,0.2668213457076566,0.1125668449197861,0.2549335481272654,1.106685470233433,0.1552768558820298,1.1476040178674476,0.9289685074919601,3191281,Sarajevo,BA,43.84864,18.35644,0.0166782355310227,sarajevo,-0.4240714012580953,-0.5819941085397204,city,-0.4240714012580953,0.22519460940652894,0.05831533477321814,0.054288816503800214,1.1330083565312663,1133.0083565312664,6798.050139187598,0.021874106710083125,1130.5300019618483,6790.615075479343
27,19,512.720438010386,2867714,Munich,DE,48.13743,11.57549,1260391,589,1665,91,2665,0.05022225829262698,0.1643918713982408,0.5213788531653961,0.0240641711229946,0.355618203785743,1.2029108934720238,0.1235303809218191,1.24872934790026,1.0079057478952096,3081368,Wrocław,PL,51.10286,17.03006,0.1161766644196579,wroc aw,,-0.5038056844768821,country,-0.5038056844768821,0.17788761459179875,0.2613390928725702,0.38002171552660147,1.2356541899116262,1235.6541899116262,7413.925139469758,0.15236988049546302,1216.826541786571,7357.4421950945925
28,19,215.9794377245476,3067696,Prague,CZ,50.08804,14.42076,1165581,627,1089,274,2363,0.043986740530904914,0.1759175007582651,0.3304607225720914,0.0729946524064171,0.3150758491072627,1.171642644969377,0.1456190114166708,1.1673736814535605,0.9689212805106523,3081368,Wrocław,PL,51.10286,17.03006,0.1161766644196579,wroc aw,,-0.5038056844768821,country,-0.5038056844768821,0.17788761459179875,0.2613390928725702,0.38002171552660147,1.2356541899116262,1235.6541899116262,7413.925139469758,0.15236988049546302,1216.826541786571,7357.4421950945925
29,1,460.33103827836135,2655603,Birmingham,GB,52.48142,-1.89983,1157603,681,700,106,5374,0.043462038909736066,0.1922960266909311,0.2015246934040437,0.0280748663101604,0.7192911800241644,1.1556825546953675,0.2354397604243616,1.1153795084894065,0.9546614763006038,2759794,Amsterdam,NL,52.37403,4.88969,0.7624647603705195,amsterdam,,,global,0.011844032802657226,0.48382676042477507,0.6954643628509719,0.6261310170104958,1.5932941071751356,1593.2941071751357,9559.764643050814,1.0,1433.964696457622,9081.776410898272
30,19,588.1315500267383,2618425,Copenhagen,DK,55.67594,12.56553,1153615,310,2005,699,2601,0.04319975386771784,0.0797694874127995,0.6340735830294995,0.1866310160427807,0.3470264465028863,1.1746764090535795,0.2347496451808124,1.2881892363059742,0.9698123373445109,3081368,Wrocław,PL,51.10286,17.03006,0.1161766644196579,wroc aw,,-0.5038056844768821,country,-0.5038056844768821,0.17788761459179875,0.2613390928725702,0.38002171552660147,1.2356541899116262,1235.6541899116262,7413.925139469758,0.15236988049546302,1216.826541786571,7357.4421950945925
31,0,501.98776008620115,727011,Sofia,BG,42.69751,23.32415,1152556,326,837,27,1887,0.04313010495610869,0.0846223839854413,0.2469340404375207,0.006951871657754,0.2511746543160156,1.100160238478769,0.0802187064552324,1.1332777001398953,0.9081577253287987,745044,Istanbul,TR,41.01384,28.94966,0.1649921605957947,istanbul,-0.3990074482222473,-0.7333530118949918,city,-0.3990074482222473,0.24006525536254764,0.03455723542116631,0.5971769815418023,1.1832978190068517,1183.2978190068518,7099.78691404111,0.216393162243481,1157.692063313781,7022.969646961898
32,19,1055.38508780105,3143244,Oslo,NO,59.91273,10.74609,1082575,300,896,1370,1867,0.038527554924645005,0.0767364270548983,0.266489890619821,0.3660427807486631,0.2484897301651228,1.0993398343569032,0.330776865573601,1.1374180001876444,0.8986259085034899,3081368,Wrocław,PL,51.10286,17.03006,0.1161766644196579,wroc aw,,-0.5038056844768821,country,-0.5038056844768821,0.17788761459179875,0.2613390928725702,0.38002171552660147,1.2356541899116262,1235.6541899116262,7413.925139469758,0.15236988049546302,1216.826541786571,7357.4421950945925
33,1,754.674959484182,2964574,Dublin,IE,53.33306,-6.24889,1024027,525,817,222,3421,0.03467693691058211,0.1449802851076736,0.2403049386808087,0.059090909090909,0.4571083366894885,1.1350491588007658,0.1784961373704829,1.1238635250007891,0.9201669182233254,2759794,Amsterdam,NL,52.37403,4.88969,0.7624647603705195,amsterdam,,,global,0.011844032802657226,0.48382676042477507,0.6954643628509719,0.6261310170104958,1.5932941071751356,1593.2941071751357,9559.764643050814,1.0,1433.964696457622,9081.776410898272
34,1,173.4812691642007,2800866,Brussels,BE,50.85045,4.34878,1019022,837,1158,117,2627,0.03434776523673527,0.2396117682741886,0.3533311236327477,0.0310160427807486,0.3505168478990468,1.214433285691063,0.1268662843162381,1.1688106616424874,0.9838228357053362,2759794,Amsterdam,NL,52.37403,4.88969,0.7624647603705195,amsterdam,,,global,0.011844032802657226,0.48382676042477507,0.6954643628509719,0.6261310170104958,1.5932941071751356,1593.2941071751357,9559.764643050814,1.0,1433.964696457622,9081.776410898272
35,0,625.231555837232,698740,Odesa,UA,46.48572,30.74383,1015826,276,369,66,709,0.034137568899149956,0.0694570821959357,0.0918130593304607,0.017379679144385,0.0930326218284333,1.0600368611836537,0.0400755619495995,1.0640352788515042,0.8583550383102577,745044,Istanbul,TR,41.01384,28.94966,0.1649921605957947,istanbul,-0.3990074482222473,-0.7333530118949918,city,-0.3990074482222473,0.24006525536254764,0.03455723542116631,0.5971769815418023,1.1832978190068517,1183.2978190068518,7099.78691404111,0.216393162243481,1157.692063313781,7022.969646961898
36,44,0.0,709930,Dnipro,UA,48.46664,35.04066,968502,241,292,304,508,0.03102513727215138,0.0588413709432817,0.0662910175671196,0.0810160427807486,0.0660491341119613,1.048563026079393,0.0765259701801124,1.051336516844569,0.843352940249122,709930,Dnipro,UA,48.46664,35.04066,0.0765259701801124,dnipro,-0.6957218116486716,-0.7865517503463348,city,-0.6957218116486716,0.06402222486895265,0.4269772703897975,0.40394605181920745,1.2613443780483584,1261.3443780483585,7568.06626829015,0.10036656663702678,1248.6846975911956,7530.087226918661
37,1,214.14527018892784,2886242,Köln,DE,50.93333,6.95,963395,457,733,195,1663,0.030689257204551817,0.124355474673946,0.2124627113026184,0.0518716577540106,0.2211035038260169,1.1171058270648917,0.1026412115756125,1.109536490284689,0.8978248793887902,2759794,Amsterdam,NL,52.37403,4.88969,0.7624647603705195,amsterdam,,,global,0.011844032802657226,0.48382676042477507,0.6954643628509719,0.6261310170104958,1.5932941071751356,1593.2941071751357,9559.764643050814,1.0,1433.964696457622,9081.776410898272
38,38,473.05479077663495,3172394,Naples,IT,40.85216,14.26811,909048,401,1854,163,1345,0.027114932937108413,0.1073703366696997,0.5840238647663242,0.0433155080213903,0.1784132098268224,1.1812269749550848,0.0838448185630199,1.2553014922562165,0.9419707890827821,3191281,Sarajevo,BA,43.84864,18.35644,0.0166782355310227,sarajevo,-0.4240714012580953,-0.5819941085397204,city,-0.4240714012580953,0.22519460940652894,0.05831533477321814,0.054288816503800214,1.1330083565312663,1133.0083565312664,6798.050139187598,0.021874106710083125,1130.5300019618483,6790.615075479343
39,44,210.34825244238854,709717,Donetsk,UA,48.023,37.80224,901645,230,267,4,732,0.026628048241506386,0.0555050045495905,0.0580046403712296,0.0008021390374331,0.09612028460196,1.0449039308040002,0.0293975827067912,1.044504294741697,0.8323695145880801,709930,Dnipro,UA,48.46664,35.04066,0.0765259701801124,dnipro,-0.6957218116486716,-0.7865517503463348,city,-0.6957218116486716,0.06402222486895265,0.4269772703897975,0.40394605181920745,1.2613443780483584,1261.3443780483585,7568.06626829015,0.10036656663702678,1248.6846975911956,7530.087226918661
40,49,386.8147113897941,2995469,Marseille,FR,43.29695,5.38107,877215,869,422,327,2668,0.025021322169163068,0.2493175614194722,0.1093801789857474,0.0871657754010695,0.3560209424083769,1.171466572648833,0.1678223255032617,1.0637691293296294,0.9298953039047653,3173435,Milan,IT,45.46427,9.18951,0.1948230426795255,milan,0.6076977517425448,0.14228026358577445,city,0.6076977517425448,0.8373515888211174,0.43628509719222464,0.5609844372059355,1.6292349524265977,1629.2349524265976,9775.409714559586,0.25551743871395616,1587.6051582158677,9650.520331927397
41,1,57.49245821425989,2747891,Rotterdam,NL,51.9225,4.47917,868135,543,503,1008,1477,0.02442414358803833,0.1504397937518956,0.1362280411004308,0.2692513368983957,0.1961337092227144,1.1175094844712237,0.2473160485956913,1.0740305313106029,0.8858969845454274,2759794,Amsterdam,NL,52.37403,4.88969,0.7624647603705195,amsterdam,,,global,0.011844032802657226,0.48382676042477507,0.6954643628509719,0.6261310170104958,1.5932941071751356,1593.2941071751357,9559.764643050814,1.0,1433.964696457622,9081.776410898272
42,49,125.48353933254404,3165524,Turin,IT,45.07049,7.68682,847287,425,1074,46,3317,0.02305300051983475,0.1146496815286624,0.3254888962545575,0.0120320855614973,0.4431467311048463,1.133887588168109,0.141366479224502,1.148637958917691,0.8961598356551604,3173435,Milan,IT,45.46427,9.18951,0.1948230426795255,milan,0.6076977517425448,0.14228026358577445,city,0.6076977517425448,0.8373515888211174,0.43628509719222464,0.5609844372059355,1.6292349524265977,1629.2349524265976,9775.409714559586,0.25551743871395616,1587.6051582158677,9650.520331927397
43,4,302.0162239441776,2509954,Valencia,ES,39.47391,-0.37966,824340,498,1436,268,2073,0.021543809231170722,0.1367910221413406,0.445475638051044,0.0713903743315508,0.276144448919318,1.171169740895013,0.1328165967078809,1.1954253026053543,0.922532356252793,3117735,Madrid,ES,40.4165,-3.70256,0.2865043579764861,madrid,0.08886285608365685,-0.14618037798784608,city,0.08886285608365685,0.5295226509063288,0.3628509719222462,0.5971769815418023,1.4612858284270391,1461.2858284270392,8767.714970562234,0.3757607864227842,1406.376437219218,8602.986796938769
44,36,0.0,304922,Malatya,TR,38.35018,38.31667,806156,81,220,1,16,0.02034787362333237,0.0103124052168638,0.0424262512429565,0.0,0.0,1.0146726933787096,0.0,1.0332487993958486,0.7971357755683857,304922,Malatya,TR,38.35018,38.31667,0.0,malatya,-0.8036290298093237,-0.7333530118949918,city,-0.8036290298093237,0.0,0.03455723542116631,0.5971769815418023,1.0752684540937052,1075.2684540937053,6451.610724562232,0.0,1075.2684540937053,6451.610724562232
45,42,200.55776412572783,6955677,Çankaya,TR,39.9179,32.86268,792189,641,1759,60,1202,0.01942928405917277,0.1801637852593266,0.5525356314219423,0.0157754010695187,0.1592160021479393,1.2186053974399844,0.0588075813930448,1.2365576798161153,0.9553881513200678,315202,Eskişehir,TR,39.77667,30.52056,0.0071689305458938,eskisehir,-0.6440068318904578,-0.7333530118949918,city,-0.6440068318904578,0.09470514042928548,0.03455723542116631,0.5971769815418023,1.1178857672868836,1117.8857672868835,6707.314603721302,0.009402310662082351,1116.8346963600084,6704.161390940676
46,42,0.0,315202,Eskişehir,TR,39.77667,30.52056,789023,201,602,18,115,0.019221060778573548,0.0467091295116772,0.1690420947961551,0.0045454545454545,0.013290374546919,1.0618338966662373,0.0071689305458938,1.082993686541321,0.8320921767626778,315202,Eskişehir,TR,39.77667,30.52056,0.0071689305458938,eskisehir,-0.6440068318904578,-0.7333530118949918,city,-0.6440068318904578,0.09470514042928548,0.03455723542116631,0.5971769815418023,1.1178857672868836,1117.8857672868835,6707.314603721302,0.009402310662082351,1116.8346963600084,6704.161390940676
47,19,184.94633313741238,3093133,Łódź,PL,51.77058,19.47395,768755,354,412,48,1761,0.017888063478767802,0.0931149529875644,0.1060656281073914,0.012566844919786,0.2342596321653913,1.077082097414017,0.0790746810934676,1.0567367020259708,0.8415286706886888,3081368,Wrocław,PL,51.10286,17.03006,0.1161766644196579,wroc aw,,-0.5038056844768821,country,-0.5038056844768821,0.17788761459179875,0.2613390928725702,0.38002171552660147,1.2356541899116262,1235.6541899116262,7413.925139469758,0.15236988049546302,1216.826541786571,7357.4421950945925
48,37,0.0,315368,Erzurum,TR,39.90861,41.27694,767848,76,172,8,34,0.017828411389221532,0.0087958750379132,0.0265164070268478,0.0018716577540106,0.0024164317358034,1.0105808064281174,0.0020350899485485,1.0248692919221165,0.7894654429494286,315368,Erzurum,TR,39.90861,41.27694,0.0020350899485485,erzurum,-0.7846116078851637,-0.7333530118949918,city,-0.7846116078851637,0.011283190166608264,0.03455723542116631,0.5971769815418023,1.0803458896686788,1080.3458896686789,6482.075338012073,0.0026690937789171382,1080.0575352193596,6481.210274664115
49,19,235.61021670072347,3094802,Kraków,PL,50.06143,19.93658,755050,466,532,131,1983,0.016986705278953428,0.127085228996057,0.1458402386476632,0.03475935828877,0.2640622902403007,1.1054191851271669,0.1035502378742292,1.071925459682228,0.8619248911834232,3081368,Wrocław,PL,51.10286,17.03006,0.1161766644196579,wroc aw,,-0.5038056844768821,country,-0.5038056844768821,0.17788761459179875,0.2613390928725702,0.38002171552660147,1.2356541899116262,1235.6541899116262,7413.925139469758,0.15236988049546302,1216.826541786571,7357.4421950945925
50,0,8.285063837081696,751324,Bağcılar,TR,41.03903,28.85671,749024,1056,2473,159,3264,0.016590383899013156,0.3060357901122232,0.7891945641365595,0.0422459893048128,0.4360316821049805,1.3414603868946458,0.1603816971448631,1.3289501327738342,1.045042140077811,745044,Istanbul,TR,41.01384,28.94966,0.1649921605957947,istanbul,-0.3990074482222473,-0.7333530118949918,city,-0.3990074482222473,0.24006525536254764,0.03455723542116631,0.5971769815418023,1.1832978190068517,1183.2978190068518,7099.78691404111,0.216393162243481,1157.692063313781,7022.969646961898
51,19,796.4630291496446,456172,Riga,LV,56.946,24.10589,742572,269,431,238,1382,0.016166045109870335,0.0673339399454049,0.1123632747762678,0.0633689839572192,0.1833803195059739,1.0628730189224966,0.0993723846218456,1.0578781459984032,0.8272240572393115,3081368,Wrocław,PL,51.10286,17.03006,0.1161766644196579,wroc aw,,-0.5038056844768821,country,-0.5038056844768821,0.17788761459179875,0.2613390928725702,0.38002171552660147,1.2356541899116262,1235.6541899116262,7413.925139469758,0.15236988049546302,1216.826541786571,7357.4421950945925
52,1,0.0,2759794,Amsterdam,NL,52.37403,4.88969,741636,479,720,3741,1567,0.016104485731904174,0.1310282074613284,0.2081537951607557,1.0,0.2082158679017317,1.1202476835089483,0.7624647603705195,1.0961451066498258,0.8717575350934312,2759794,Amsterdam,NL,52.37403,4.88969,0.7624647603705195,amsterdam,,,global,0.011844032802657226,0.48382676042477507,0.6954643628509719,0.6261310170104958,1.5932941071751356,1593.2941071751357,9559.764643050814,1.0,1433.964696457622,9081.776410898272
53,19,514.2866703771873,702550,Lviv,UA,49.83826,24.02324,717273,322,432,22,1044,0.014502166153496468,0.0834091598422808,0.1126947298641034,0.005614973262032,0.1380051013558867,1.0725844418781891,0.0453320116901884,1.0566796248684385,0.8316592275407442,3081368,Wrocław,PL,51.10286,17.03006,0.1161766644196579,wroc aw,,-0.5038056844768821,country,-0.5038056844768821,0.17788761459179875,0.2613390928725702,0.38002171552660147,1.2356541899116262,1235.6541899116262,7413.925139469758,0.15236988049546302,1216.826541786571,7357.4421950945925
54,44,68.61643505023139,687700,Zaporizhzhya,UA,47.85167,35.11714,710052,136,272,195,446,0.014027251336943413,0.0269942371853199,0.0596619158104076,0.0518716577540106,0.0577258692441938,1.0281289254732735,0.0536279212010656,1.035086567393718,0.7963348840826466,709930,Dnipro,UA,48.46664,35.04066,0.0765259701801124,dnipro,-0.6957218116486716,-0.7865517503463348,city,-0.6957218116486716,0.06402222486895265,0.4269772703897975,0.40394605181920745,1.2613443780483584,1261.3443780483585,7568.06626829015,0.10036656663702678,1248.6846975911956,7530.087226918661
55,38,0.0,3191281,Sarajevo,BA,43.84864,18.35644,696731,138,440,12,379,0.013151148266551053,0.0276008492569002,0.1153463705667882,0.0029411764705882,0.0487313733387031,1.0396297836674977,0.0166782355310227,1.0566594668399565,0.8036489072484572,3191281,Sarajevo,BA,43.84864,18.35644,0.0166782355310227,sarajevo,-0.4240714012580953,-0.5819941085397204,city,-0.4240714012580953,0.22519460940652894,0.05831533477321814,0.054288816503800214,1.1330083565312663,1133.0083565312664,6798.050139187598,0.021874106710083125,1130.5300019618483,6790.615075479343
56,4,274.1105347640648,3104324,Zaragoza,ES,41.65606,-0.87734,686986,331,641,93,899,0.012510233588901212,0.0861389141643918,0.1819688432217434,0.0245989304812834,0.1185394012619143,1.088077117142984,0.0527810717154726,1.0827957241598185,0.8398790109290826,3117735,Madrid,ES,40.4165,-3.70256,0.2865043579764861,madrid,0.08886285608365685,-0.14618037798784608,city,0.08886285608365685,0.5295226509063288,0.3628509719222462,0.5971769815418023,1.4612858284270391,1461.2858284270392,8767.714970562234,0.3757607864227842,1406.376437219218,8602.986796938769
57,4,390.34745025931824,2510911,Sevilla,ES,37.38283,-5.97317,686741,427,1284,206,1371,0.012494120290181437,0.1152562936002426,0.3950944647000331,0.0548128342245989,0.1819036112229829,1.148172669100152,0.0929400673241141,1.1680330821121585,0.8862339648479768,3117735,Madrid,ES,40.4165,-3.70256,0.2865043579764861,madrid,0.08886285608365685,-0.14618037798784608,city,0.08886285608365685,0.5295226509063288,0.3628509719222462,0.5971769815418023,1.4612858284270391,1461.2858284270392,8767.714970562234,0.3757607864227842,1406.376437219218,8602.986796938769
58,10,301.8057886895026,264371,Athens,GR,37.98376,23.72784,664046,1257,3087,129,4787,0.01100150268020061,0.3670003033060358,0.9927079880676168,0.0342245989304812,0.6404886561954625,1.4187417795971449,0.2161038161099756,1.4058843973712074,1.0913708448066721,311046,İzmir,TR,38.41273,27.13838,0.0735125807361717,izmir,-0.6134707506874132,-0.7333530118949918,city,-0.6134707506874132,0.11282244426420909,0.03455723542116631,0.5971769815418023,1.1260385540125992,1126.0385540125992,6756.231324075596,0.09641439782797082,1115.1819211009788,6723.661425340734
59,38,287.9976198592214,3186886,Zagreb,HR,45.81444,15.97798,663592,319,591,30,1564,0.010971643751144374,0.0824992417349105,0.1653960888299635,0.0077540106951871,0.2078131292790978,1.082578762806939,0.0677717462703603,1.0749357505329011,0.8327199920118309,3191281,Sarajevo,BA,43.84864,18.35644,0.0166782355310227,sarajevo,-0.4240714012580953,-0.5819941085397204,city,-0.4240714012580953,0.22519460940652894,0.05831533477321814,0.054288816503800214,1.1330083565312663,1133.0083565312664,6798.050139187598,0.021874106710083125,1130.5300019618483,6790.615075479343
60,19,1121.8305417016854,658225,Helsinki,FI,60.16952,24.93545,658864,271,1153,1356,2280,0.01066068997013581,0.0679405520169851,0.3516738481935698,0.3622994652406417,0.3039334138810579,1.111099100848905,0.3447896498327665,1.149198091253537,0.8540532209571107,3081368,Wrocław,PL,51.10286,17.03006,0.1161766644196579,wroc aw,,-0.5038056844768821,country,-0.5038056844768821,0.17788761459179875,0.2613390928725702,0.38002171552660147,1.2356541899116262,1235.6541899116262,7413.925139469758,0.15236988049546302,1216.826541786571,7357.4421950945925
61,19,598.7288218009498,2925533,Frankfurt am Main,DE,50.11552,8.68417,650000,340,1041,192,2160,0.010077717399310956,0.0888686684865028,0.3145508783559828,0.0510695187165775,0.2878238689757014,1.1162313767630982,0.1220958237943147,1.133882525261842,0.8568593952150327,3081368,Wrocław,PL,51.10286,17.03006,0.1161766644196579,wroc aw,,-0.5038056844768821,country,-0.5038056844768821,0.17788761459179875,0.2613390928725702,0.38002171552660147,1.2356541899116262,1235.6541899116262,7413.925139469758,0.15236988049546302,1216.826541786571,7357.4421950945925
62,38,762.4770932168369,2523920,Palermo,IT,38.1166,13.3636,648260,142,327,84,1283,0.00996328009411745,0.0288140734000606,0.0778919456413655,0.0221925133689839,0.1700899449590549,1.0328668331683095,0.0665617428460052,1.0391274023318402,0.7926589226040971,3191281,Sarajevo,BA,43.84864,18.35644,0.0166782355310227,sarajevo,-0.4240714012580953,-0.5819941085397204,city,-0.4240714012580953,0.22519460940652894,0.05831533477321814,0.054288816503800214,1.1330083565312663,1133.0083565312664,6798.050139187598,0.021874106710083125,1130.5300019618483,6790.615075479343
63,0,666.6725599256425,618426,Chisinau,MD,47.00902,28.85938,635994,309,531,16,786,0.009156562861069428,0.0794661813770094,0.1455087835598276,0.0040106951871657,0.1033695798093703,1.0767814655381711,0.0338183605738271,1.0655287637127866,0.8248404292130891,745044,Istanbul,TR,41.01384,28.94966,0.1649921605957947,istanbul,-0.3990074482222473,-0.7333530118949918,city,-0.3990074482222473,0.24006525536254764,0.03455723542116631,0.5971769815418023,1.1832978190068517,1183.2978190068518,7099.78691404111,0.216393162243481,1157.692063313781,7022.969646961898
64,19,0.0,3081368,Wrocław,PL,51.10286,17.03006,634893,589,551,294,1539,0.009084151669679744,0.1643918713982408,0.1521378853165396,0.0783422459893048,0.2044569740904819,1.1290626999022526,0.1161766644196579,1.0681224754623595,0.8647460343450473,3081368,Wrocław,PL,51.10286,17.03006,0.1161766644196579,wroc aw,,-0.5038056844768821,country,-0.5038056844768821,0.17788761459179875,0.2613390928725702,0.38002171552660147,1.2356541899116262,1235.6541899116262,7413.925139469758,0.15236988049546302,1216.826541786571,7357.4421950945925
65,19,617.9546441594424,2825297,Stuttgart,DE,48.78232,9.17702,630305,375,639,138,1788,0.008782405487939623,0.0994843797391568,0.1813059330460722,0.0366310160427807,0.2378842797690965,1.0959518144527085,0.0970069951606754,1.0795482976087805,0.8388077739916233,3081368,Wrocław,PL,51.10286,17.03006,0.1161766644196579,wroc aw,,-0.5038056844768821,country,-0.5038056844768821,0.17788761459179875,0.2613390928725702,0.38002171552660147,1.2356541899116262,1235.6541899116262,7413.925139469758,0.15236988049546302,1216.826541786571,7357.4421950945925
66,1,710.5213434383642,2648579,Glasgow,GB,55.86515,-4.25763,626410,342,713,125,4073,0.008526236922578296,0.0894752805580831,0.2058336095459065,0.0331550802139037,0.5446368640085918,1.0948518902440312,0.1865996153523101,1.0891544333564254,0.8374751092528916,2759794,Amsterdam,NL,52.37403,4.88969,0.7624647603705195,amsterdam,,,global,0.011844032802657226,0.48382676042477507,0.6954643628509719,0.6261310170104958,1.5932941071751356,1593.2941071751357,9559.764643050814,1.0,1433.964696457622,9081.776410898272
67,1,182.32505947867836,2934246,Düsseldorf,DE,51.22172,6.77616,620523,311,627,323,2259,0.008139057373340265,0.0800727934485896,0.177328471992045,0.0860962566844919,0.3011142435226205,1.083509370467563,0.1506016527359305,1.0774426346954902,0.8280648314795498,2759794,Amsterdam,NL,52.37403,4.88969,0.7624647603705195,amsterdam,,,global,0.011844032802657226,0.48382676042477507,0.6954643628509719,0.6261310170104958,1.5932941071751356,1593.2941071751357,9559.764643050814,1.0,1433.964696457622,9081.776410898272
68,19,803.6276992499328,2711537,Göteborg,SE,57.70716,11.96679,608462,308,376,670,1543,0.007345822696363893,0.0791628753412193,0.0941332449453099,0.1788770053475935,0.2049939589206605,1.0663243741937936,0.1867120914195136,1.043529956135215,0.813451082777213,3081368,Wrocław,PL,51.10286,17.03006,0.1161766644196579,wroc aw,,-0.5038056844768821,country,-0.5038056844768821,0.17788761459179875,0.2613390928725702,0.38002171552660147,1.2356541899116262,1235.6541899116262,7413.925139469758,0.15236988049546302,1216.826541786571,7357.4421950945925
69,44,137.07913023318434,703845,Kryvyy Rih,UA,47.90572,33.39404,603904,127,218,2,555,0.0070460495716098675,0.0242644828632089,0.0417633410672853,0.0002673796791443,0.0723587058665592,1.0229113579313824,0.0218947775353688,1.022342176084202,0.7797966156853944,709930,Dnipro,UA,48.46664,35.04066,0.0765259701801124,dnipro,-0.6957218116486716,-0.7865517503463348,city,-0.6957218116486716,0.06402222486895265,0.4269772703897975,0.40394605181920745,1.2613443780483584,1261.3443780483585,7568.06626829015,0.10036656663702678,1248.6846975911956,7530.087226918661
70,1,177.75818593923955,2928810,Essen,DE,51.45657,7.01228,593085,537,910,268,2443,0.006334499453857826,0.1486199575371549,0.2711302618495194,0.0713903743315508,0.3258155457108336,1.1433980268921968,0.1477179257453356,1.113519704302894,0.8702235149787064,2759794,Amsterdam,NL,52.37403,4.88969,0.7624647603705195,amsterdam,,,global,0.011844032802657226,0.48382676042477507,0.6954643628509719,0.6261310170104958,1.5932941071751356,1593.2941071751357,9559.764643050814,1.0,1433.964696457622,9081.776410898272
71,4,415.71980205319534,2514256,Málaga,ES,36.72016,-4.42034,591637,242,502,111,1147,0.006239266569995644,0.0591446769790718,0.1358965860125953,0.0294117647058823,0.1518324607329843,1.062666123389962,0.0661379735140129,1.059350047661035,0.8086025426752557,3117735,Madrid,ES,40.4165,-3.70256,0.2865043579764861,madrid,0.08886285608365685,-0.14618037798784608,city,0.08886285608365685,0.5295226509063288,0.3628509719222462,0.5971769815418023,1.4612858284270391,1461.2858284270392,8767.714970562234,0.3757607864227842,1406.376437219218,8602.986796938769
72,1,200.75408144855328,2935517,Dortmund,DE,51.51494,7.466,588462,258,446,118,2391,0.006030451372300595,0.0639975735517136,0.1173351010938017,0.031283422459893,0.3188347429185125,1.0618655643497883,0.1175488185974789,1.0517584015353612,0.8076053483993721,2759794,Amsterdam,NL,52.37403,4.88969,0.7624647603705195,amsterdam,,,global,0.011844032802657226,0.48382676042477507,0.6954643628509719,0.6261310170104958,1.5932941071751356,1593.2941071751357,9559.764643050814,1.0,1433.964696457622,9081.776410898272
73,49,119.37935097265571,3176219,Genoa,IT,44.40478,8.94439,580097,285,551,118,2983,0.00548029731601112,0.0721868365180467,0.1521378853165396,0.031283422459893,0.3983084977849376,1.073739678974136,0.1413909450574064,1.0652393919794247,0.815602481421961,3173435,Milan,IT,45.46427,9.18951,0.1948230426795255,milan,0.6076977517425448,0.14228026358577445,city,0.6076977517425448,0.8373515888211174,0.43628509719222464,0.5609844372059355,1.6292349524265977,1629.2349524265976,9775.409714559586,0.25551743871395616,1587.6051582158677,9650.520331927397
74,0,7.6483376312372195,7627067,Bahçelievler,TR,41.00231,28.8598,576799,936,2123,133,2524,0.005263392584673083,0.2696390658174097,0.6731852833941001,0.0352941176470588,0.3366894885219492,1.2964204961692658,0.1257127289095259,1.2734848274253787,0.9842566196727214,745044,Istanbul,TR,41.01384,28.94966,0.1649921605957947,istanbul,-0.3990074482222473,-0.7333530118949918,city,-0.3990074482222473,0.24006525536254764,0.03455723542116631,0.5971769815418023,1.1832978190068517,1183.2978190068518,7099.78691404111,0.216393162243481,1157.692063313781,7022.969646961898
75,0,14.69381573951,738377,Umraniye,TR,41.01643,29.12476,573265,724,2001,217,3475,0.0050309664717110986,0.2053381862299059,0.6327477626781571,0.0577540106951871,0.4643576318968989,1.2497524642735751,0.1797350970557007,1.2571238782486316,0.948317408010154,745044,Istanbul,TR,41.01384,28.94966,0.1649921605957947,istanbul,-0.3990074482222473,-0.7333530118949918,city,-0.3990074482222473,0.24006525536254764,0.03455723542116631,0.5971769815418023,1.1832978190068517,1183.2978190068518,7099.78691404111,0.216393162243481,1157.692063313781,7022.969646961898
76,19,145.16851904705644,3088171,Poznań,PL,52.40692,16.92993,570352,368,402,86,1609,0.0048393826383612785,0.097361237488626,0.1027510772290354,0.0227272727272727,0.2138542086186065,1.078966957938983,0.0800653534946728,1.0449719370023032,0.8183629028905641,3081368,Wrocław,PL,51.10286,17.03006,0.1161766644196579,wroc aw,,-0.5038056844768821,country,-0.5038056844768821,0.17788761459179875,0.2613390928725702,0.38002171552660147,1.2356541899116262,1235.6541899116262,7413.925139469758,0.15236988049546302,1216.826541786571,7357.4421950945925
77,1,493.1046357702578,2643123,Manchester,GB,53.48095,-2.23743,568996,567,807,149,5189,0.004750200462589787,0.1577191386108583,0.2369903878024527,0.0395721925133689,0.6944556316284065,1.1420295607270057,0.2360372242478802,1.098596315491053,0.8660156919036534,2759794,Amsterdam,NL,52.37403,4.88969,0.7624647603705195,amsterdam,,,global,0.011844032802657226,0.48382676042477507,0.6954643628509719,0.6261310170104958,1.5932941071751356,1593.2941071751357,9559.764643050814,1.0,1433.964696457622,9081.776410898272
78,1,440.84498606438615,2638077,Sheffield,GB,53.38297,-1.4659,556500,263,372,45,3742,0.003928356459315039,0.0655141037306642,0.0928074245939675,0.0117647058823529,0.500201369311317,1.057869947157192,0.1582957049110421,1.040265655005039,0.8006749182879468,2759794,Amsterdam,NL,52.37403,4.88969,0.7624647603705195,amsterdam,,,global,0.011844032802657226,0.48382676042477507,0.6954643628509719,0.6261310170104958,1.5932941071751356,1593.2941071751357,9559.764643050814,1.0,1433.964696457622,9081.776410898272
79,19,230.01840988376767,2935022,Dresden,DE,51.05089,13.73832,556227,294,759,144,1717,0.003910401640741574,0.0749165908401577,0.221080543586344,0.038235294117647,0.2283527990334273,1.0891660632213631,0.0952705455923811,1.0915605387471308,0.8243279317471788,3081368,Wrocław,PL,51.10286,17.03006,0.1161766644196579,wroc aw,,-0.5038056844768821,country,-0.5038056844768821,0.17788761459179875,0.2613390928725702,0.38002171552660147,1.2356541899116262,1235.6541899116262,7413.925139469758,0.15236988049546302,1216.826541786571,7357.4421950945925
80,38,262.44760619272375,786714,Pristina,XK,42.67272,21.16688,550000,130,371,22,367,0.003500860778994467,0.0251744009705793,0.0924759695061319,0.005614973262032,0.0471204188481675,1.033599834483574,0.0180666069378727,1.0397910764256482,0.7815322318256881,3191281,Sarajevo,BA,43.84864,18.35644,0.0166782355310227,sarajevo,-0.4240714012580953,-0.5819941085397204,city,-0.4240714012580953,0.22519460940652894,0.05831533477321814,0.054288816503800214,1.1330083565312663,1133.0083565312664,6798.050139187598,0.021874106710083125,1130.5300019618483,6790.615075479343
81,42,591.2548876114046,694423,Sevastopol,UA,44.60795,33.52134,547820,118,351,160,531,0.0033574853046715674,0.0215347285410979,0.0858468677494199,0.0425133689839572,0.0691367968854879,1.0300902106745429,0.0505003973544164,1.0370247353435054,0.7786200553093523,315202,Eskişehir,TR,39.77667,30.52056,0.0071689305458938,eskisehir,-0.6440068318904578,-0.7333530118949918,city,-0.6440068318904578,0.09470514042928548,0.03455723542116631,0.5971769815418023,1.1178857672868836,1117.8857672868835,6707.314603721302,0.009402310662082351,1116.8346963600084,6704.161390940676
82,1,275.0782806884233,2944388,Bremen,DE,53.07582,8.80717,546501,195,441,479,1065,0.003270736565849593,0.0448892932969366,0.1156778256546238,0.127807486631016,0.140824271714324,1.0500691411090868,0.1317125221560084,1.0488877195145292,0.7935622300206826,2759794,Amsterdam,NL,52.37403,4.88969,0.7624647603705195,amsterdam,,,global,0.011844032802657226,0.48382676042477507,0.6954643628509719,0.6261310170104958,1.5932941071751356,1593.2941071751357,9559.764643050814,1.0,1433.964696457622,9081.776410898272
83,19,681.3995677901917,593116,Vilnius,LT,54.68916,25.2798,542366,220,334,124,1282,0.002998783544599506,0.0524719441916894,0.0802121312562147,0.0328877005347593,0.1699556987515102,1.0475255927662566,0.0740080999997846,1.0344838793381654,0.7911414739674274,3081368,Wrocław,PL,51.10286,17.03006,0.1161766644196579,wroc aw,,-0.5038056844768821,country,-0.5038056844768821,0.17788761459179875,0.2613390928725702,0.38002171552660147,1.2356541899116262,1235.6541899116262,7413.925139469758,0.15236988049546302,1216.826541786571,7357.4421950945925
84,21,64.03965749896588,304531,Mersin,TR,36.81196,34.63886,537842,104,347,61,108,0.002701246551096388,0.0172884440400363,0.0845210473980775,0.0160427807486631,0.0123506510941065,1.0272772759036373,0.0149351418522961,1.035969416200108,0.7753140830251981,325363,Adana,TR,36.98615,35.32531,0.0244843545736677,adana,-0.7513752359640133,-0.7333530118949918,city,-0.7513752359640133,0.031002598314041632,0.03455723542116631,0.5971769815418023,1.089219623335024,1089.219623335024,6535.317740010144,0.032112113039518754,1085.7219089680843,6524.824596909325
85,1,457.91117169846916,2644688,Leeds,GB,53.79648,-1.54785,536280,302,539,125,3695,0.0025985160506870448,0.0773430391264786,0.1481604242625124,0.0331550802139037,0.493891797556719,1.0760379083283895,0.1713760954167483,1.0613429825455545,0.8119216093541853,2759794,Amsterdam,NL,52.37403,4.88969,0.7624647603705195,amsterdam,,,global,0.011844032802657226,0.48382676042477507,0.6954643628509719,0.6261310170104958,1.5932941071751356,1593.2941071751357,9559.764643050814,1.0,1433.964696457622,9081.776410898272
86,1,132.6113654343254,2803138,Antwerpen,BE,51.22047,4.40026,529247,369,511,218,1350,0.0021359657245801863,0.0976645435244161,0.1388796818031157,0.0580213903743315,0.1790844408645455,1.0863746624752728,0.0943403055213957,1.0572606453009104,0.8188418001818787,2759794,Amsterdam,NL,52.37403,4.88969,0.7624647603705195,amsterdam,,,global,0.011844032802657226,0.48382676042477507,0.6954643628509719,0.6261310170104958,1.5932941071751356,1593.2941071751357,9559.764643050814,1.0,1433.964696457622,9081.776410898272
87,37,240.1174346319148,298117,Van,TR,38.49457,43.38323,525016,47,92,5,53,0.0018576989209745955,0.0,0.0,0.0010695187165775,0.0049671096791515,1.0,0.0022387960053497,1.0014861591367796,0.7532509731117055,315368,Erzurum,TR,39.90861,41.27694,0.0020350899485485,erzurum,-0.7846116078851637,-0.7333530118949918,city,-0.7846116078851637,0.011283190166608264,0.03455723542116631,0.5971769815418023,1.0803458896686788,1080.3458896686789,6482.075338012073,0.0026690937789171382,1080.0575352193596,6481.210274664115
88,0,5.459819831413732,738329,Üsküdar,TR,41.02274,29.01366,524452,1005,2773,220,3739,0.0018206054496360104,0.2905671822869275,0.888631090487239,0.0585561497326203,0.499798630688683,1.3520665274696042,0.1909288940194391,1.3569089205546043,1.018357660056521,745044,Istanbul,TR,41.01384,28.94966,0.1649921605957947,istanbul,-0.3990074482222473,-0.7333530118949918,city,-0.3990074482222473,0.24006525536254764,0.03455723542116631,0.5971769815418023,1.1832978190068517,1183.2978190068518,7099.78691404111,0.216393162243481,1157.692063313781,7022.969646961898
89,49,339.1724831436194,2996944,Lyon,FR,45.74906,4.84789,520774,1092,970,248,3494,0.00157870866314077,0.3169548074006673,0.2910175671196552,0.0660427807486631,0.466908309840247,1.2483763978643316,0.1863024394761382,1.1176699937783747,0.9397312380080443,3173435,Milan,IT,45.46427,9.18951,0.1948230426795255,milan,0.6076977517425448,0.14228026358577445,city,0.6076977517425448,0.8373515888211174,0.43628509719222464,0.5609844372059355,1.6292349524265977,1629.2349524265976,9775.409714559586,0.25551743871395616,1587.6051582158677,9650.520331927397
90,0,6.98988844717793,747340,Esenler,TR,41.0435,28.87619,520235,1128,2646,159,3392,0.001543259405957264,0.3278738246891113,0.846536294332118,0.0422459893048128,0.453215196670694,1.3660315536798904,0.1655367515145772,1.339849125257613,1.0282129120870067,745044,Istanbul,TR,41.01384,28.94966,0.1649921605957947,istanbul,-0.3990074482222473,-0.7333530118949918,city,-0.3990074482222473,0.24006525536254764,0.03455723542116631,0.5971769815418023,1.1832978190068517,1183.2978190068518,7099.78691404111,0.216393162243481,1157.692063313781,7022.969646961898
91,4,503.2435741032931,2267057,Lisbon,PT,38.72509,-9.1498,517802,685,1234,479,4842,0.0013832444843849638,0.1935092508340916,0.3785217103082532,0.127807486631016,0.6478721976104175,1.1918098925621057,0.2838268999248364,1.1525152797108094,0.8967424072271428,3117735,Madrid,ES,40.4165,-3.70256,0.2865043579764861,madrid,0.08886285608365685,-0.14618037798784608,city,0.08886285608365685,0.5295226509063288,0.3628509719222462,0.5971769815418023,1.4612858284270391,1461.2858284270392,8767.714970562234,0.3757607864227842,1406.376437219218,8602.986796938769
92,19,460.82850734179976,2861650,Nürnberg,DE,49.45421,11.07752,515543,231,481,70,1862,0.0012346732933320144,0.0558083105853806,0.1289360291680477,0.0184491978609625,0.2478184991273996,1.0592721921848378,0.0872599882408936,1.0525621503018845,0.7967428905392331,3081368,Wrocław,PL,51.10286,17.03006,0.1161766644196579,wroc aw,,-0.5038056844768821,country,-0.5038056844768821,0.17788761459179875,0.2613390928725702,0.38002171552660147,1.2356541899116262,1235.6541899116262,7413.925139469758,0.15236988049546302,1216.826541786571,7357.4421950945925
93,19,521.6013012526325,2910831,Hannover,DE,52.37052,9.73322,515140,271,594,203,1591,0.001208168561152139,0.0679405520169851,0.1663904540934703,0.0540106951871657,0.211437776882803,1.0740424220288851,0.1012388196958569,1.0675227164863097,0.807802659025032,3081368,Wrocław,PL,51.10286,17.03006,0.1161766644196579,wroc aw,,-0.5038056844768821,country,-0.5038056844768821,0.17788761459179875,0.2613390928725702,0.38002171552660147,1.2356541899116262,1235.6541899116262,7413.925139469758,0.15236988049546302,1216.826541786571,7357.4421950945925
94,1,659.1734203346274,2650225,Edinburgh,GB,55.95206,-3.19648,514990,213,389,78,2442,0.0011983032762216642,0.0503488019411586,0.0984421610871726,0.0205882352941176,0.325681299503289,1.0498977133821297,0.112116154556869,1.0403355070558464,0.7896249528084731,2759794,Amsterdam,NL,52.37403,4.88969,0.7624647603705195,amsterdam,,,global,0.011844032802657226,0.48382676042477507,0.6954643628509719,0.6261310170104958,1.5932941071751356,1593.2941071751357,9559.764643050814,1.0,1433.964696457622,9081.776410898272
95,49,647.5424867623703,2972315,Toulouse,FR,43.60426,1.44367,511684,764,565,153,2947,0.000980872396354001,0.2174704276615104,0.1567782565462379,0.0406417112299465,0.3934756343133306,1.1618379079061538,0.1464918881549617,1.0634960005355782,0.8733727567121953,3173435,Milan,IT,45.46427,9.18951,0.1948230426795255,milan,0.6076977517425448,0.14228026358577445,city,0.6076977517425448,0.8373515888211174,0.43628509719222464,0.5609844372059355,1.6292349524265977,1629.2349524265976,9775.409714559586,0.25551743871395616,1587.6051582158677,9650.520331927397
96,19,325.4617687287198,2879139,Leipzig,DE,51.33962,12.37129,504971,322,909,159,1469,0.0005393680114321553,0.0834091598422808,0.2707988067616838,0.0422459893048128,0.1950597395623573,1.1042052572577052,0.0880901143820761,1.1087510171138193,0.8291961956824639,3081368,Wrocław,PL,51.10286,17.03006,0.1161766644196579,wroc aw,,-0.5038056844768821,country,-0.5038056844768821,0.17788761459179875,0.2613390928725702,0.38002171552660147,1.2356541899116262,1235.6541899116262,7413.925139469758,0.15236988049546302,1216.826541786571,7357.4421950945925
97,1,165.87349257188643,2934691,Duisburg,DE,51.43247,6.76516,504358,309,746,391,2041,0.0004990518803496152,0.0794661813770094,0.2167716274444812,0.1042780748663101,0.2718485702778896,1.0910340343151017,0.154549223489784,1.0871078924820723,0.8192283702624393,2759794,Amsterdam,NL,52.37403,4.88969,0.7624647603705195,amsterdam,,,global,0.011844032802657226,0.48382676042477507,0.6954643628509719,0.6261310170104958,1.5932941071751356,1593.2941071751357,9559.764643050814,1.0,1433.964696457622,9081.776410898272
98,44,526.6023105161746,627907,Homyel',BY,52.4345,30.9754,501102,152,159,13,709,0.0002849094287921103,0.0318471337579617,0.022207490884985,0.0032085561497326,0.0930326218284333,1.0235497784317742,0.0301557758533428,1.0091109238970275,0.7681726670435789,709930,Dnipro,UA,48.46664,35.04066,0.0765259701801124,dnipro,-0.6957218116486716,-0.7865517503463348,city,-0.6957218116486716,0.06402222486895265,0.4269772703897975,0.40394605181920745,1.2613443780483584,1261.3443780483585,7568.06626829015,0.10036656663702678,1248.6846975911956,7530.087226918661
99,1,539.9410837849222,2644210,Liverpool,GB,53.41058,-2.97794,496770,427,444,228,3691,0.0,0.1152562936002426,0.1166721909181306,0.0606951871657754,0.4933548127265404,1.0924882143437715,0.1904930748340049,1.0466688763672525,0.8193661607578285,2759794,Amsterdam,NL,52.37403,4.88969,0.7624647603705195,amsterdam,,,global,0.011844032802657226,0.48382676042477507,0.6954643628509719,0.6261310170104958,1.5932941071751356,1593.2941071751357,9559.764643050814,1.0,1433.964696457622,9081.776410898272
